99designs,99designs.com,https://logo.clearbit.com/99designs.com
Designspiration,designspiration.net,https://logo.clearbit.com/designspiration.net
Design*Sponge,designsponge.com,https://logo.clearbit.com/designsponge.com
Design Shack,designshack.net,https://logo.clearbit.com/designshack.net
Designscrazed,dcrazed.com,https://logo.clearbit.com/dcrazed.com
ADP,adp.com,https://logo.clearbit.com/adp.com
Adpay/Memoriams.com,adpay.com,https://logo.clearbit.com/adpay.com
AdParlor,adparlor.com,https://logo.clearbit.com/adparlor.com
AdPerfect,adperfect.com,https://logo.clearbit.com/adperfect.com
Adplexity,adplexity.com,https://logo.clearbit.com/adplexity.com
AdRoll,adroll.com,https://logo.clearbit.com/adroll.com
Ad-Roller Australia,roller.com,https://logo.clearbit.com/roller.com
Amazon.com,amazon.com,https://logo.clearbit.com/amazon.com
Amazon MTurk,mturk.com,https://logo.clearbit.com/mturk.com
Inside Amazon,amazon.jobs,https://logo.clearbit.com/amazon.jobs
Amazon,aboutamazon.com,https://logo.clearbit.com/aboutamazon.com
Amazon,amazon.ca,https://logo.clearbit.com/amazon.ca
American Express,americanexpress.com,https://logo.clearbit.com/americanexpress.com
American Express,thecenturionlounge.com,https://logo.clearbit.com/thecenturionlounge.com
American Express,americanexpressfhr.com,https://logo.clearbit.com/americanexpressfhr.com
American Express GBT,amexglobalbusinesstravel.com,https://logo.clearbit.com/amexglobalbusinesstravel.com
American Express Israel,americanexpress.co.il,https://logo.clearbit.com/americanexpress.co.il
Amplifinity,amplifinity.com,https://logo.clearbit.com/amplifinity.com
ApexChat,apexchat.com,https://logo.clearbit.com/apexchat.com
AppDirect,appdirect.com,https://logo.clearbit.com/appdirect.com
APPDIRECTLY - App Publisher Solutions,appdirectly.com,https://logo.clearbit.com/appdirectly.com
AppDirect,oroconllc.com,https://logo.clearbit.com/oroconllc.com
AppDirect,app1000.com,https://logo.clearbit.com/app1000.com
Domain Direct,appdirect.it,https://logo.clearbit.com/appdirect.it
AppSheet,appsheet.com,https://logo.clearbit.com/appsheet.com
appsheet.dk,mg.solutions,https://logo.clearbit.com/mg.solutions
appsheet.dk,appsheet.dk,https://logo.clearbit.com/appsheet.dk
Apptoto,apptoto.com,https://logo.clearbit.com/apptoto.com
Avalara,avalara.com,https://logo.clearbit.com/avalara.com
Avalara,vatlive.com,https://logo.clearbit.com/vatlive.com
Avalar Atlantic Properties,atlanticpropertiesnj.com,https://logo.clearbit.com/atlanticpropertiesnj.com
Avalar Advantage,avalarnh.com,https://logo.clearbit.com/avalarnh.com
Avalar Atlantic Properties,avalarnj.com,https://logo.clearbit.com/avalarnj.com
AWeber,aweber.com,https://logo.clearbit.com/aweber.com
Adam Weber,aweber1.com,https://logo.clearbit.com/aweber1.com
Azuqua,azuqua.com,https://logo.clearbit.com/azuqua.com
Batchbook,batchbook.com,https://logo.clearbit.com/batchbook.com
Benchmark Education,benchmarkuniverse.com,https://logo.clearbit.com/benchmarkuniverse.com
Benchling,benchling.com,https://logo.clearbit.com/benchling.com
Benchmark,benchmarkemail.com,https://logo.clearbit.com/benchmarkemail.com
BENCHMADE,benchmade.com,https://logo.clearbit.com/benchmade.com
Bench Accounting,bench.co,https://logo.clearbit.com/bench.co
BentoBox,getbento.com,https://logo.clearbit.com/getbento.com
bento,bento.de,https://logo.clearbit.com/bento.de
Bentonville Schools,bentonvillek12.org,https://logo.clearbit.com/bentonvillek12.org
Bento for Business,bentoforbusiness.com,https://logo.clearbit.com/bentoforbusiness.com
Bento&co,bentoandco.com,https://logo.clearbit.com/bentoandco.com
Bill.com,bill.com,https://logo.clearbit.com/bill.com
快钱,99bill.com,https://logo.clearbit.com/99bill.com
GLDS,1bill.com,https://logo.clearbit.com/1bill.com
Bill Standiford,511bill.com,https://logo.clearbit.com/511bill.com
Bill Complan,billinghay.org,https://logo.clearbit.com/billinghay.org
Biztree,biztree.com,https://logo.clearbit.com/biztree.com
Biztree,biztree.net,https://logo.clearbit.com/biztree.net
Buildertrend,buildertrend.com,https://logo.clearbit.com/buildertrend.com
Buildertrend,buildertrend.tv,https://logo.clearbit.com/buildertrend.tv
Chargebee,chargebee.com,https://logo.clearbit.com/chargebee.com
ChatWork,chatwork.com,https://logo.clearbit.com/chatwork.com
Chat2work TUO LAVORO,chat2work.it,https://logo.clearbit.com/chat2work.it
CircleBack,circleback.com,https://logo.clearbit.com/circleback.com
Circle Back Media,circlebackmedia.com,https://logo.clearbit.com/circlebackmedia.com
Close.io,close.io,https://logo.clearbit.com/close.io
Cloud Elements,cloud-elements.com,https://logo.clearbit.com/cloud-elements.com
Cloud Elements,filebrowser.io,https://logo.clearbit.com/filebrowser.io
Cloud-Elements,cloud-elements.de,https://logo.clearbit.com/cloud-elements.de
Cloud Quarterback,cloudquarterback.com,https://logo.clearbit.com/cloudquarterback.com
Commerce Sync,commercesync.com,https://logo.clearbit.com/commercesync.com
Compass,compass.com,https://logo.clearbit.com/compass.com
Compassion International,compassion.com,https://logo.clearbit.com/compassion.com
Compass Group,compass-usa.com,https://logo.clearbit.com/compass-usa.com
Compass Professional Health Services,compassphs.com,https://logo.clearbit.com/compassphs.com
Compass Group,altogethergreat.com,https://logo.clearbit.com/altogethergreat.com
CompTIA,comptia.org,https://logo.clearbit.com/comptia.org
CompTIA,aitp.org,https://logo.clearbit.com/aitp.org
CompTIA Japan,comptia.jp,https://logo.clearbit.com/comptia.jp
CompTIA,cyberstates.org,https://logo.clearbit.com/cyberstates.org
CompTIA,comptia-europe.org,https://logo.clearbit.com/comptia-europe.org
Controller,controller.com,https://logo.clearbit.com/controller.com
Control4,control4.com,https://logo.clearbit.com/control4.com
Eric Curts,controlaltachieve.com,https://logo.clearbit.com/controlaltachieve.com
ControllerChaos,controllerchaos.com,https://logo.clearbit.com/controllerchaos.com
Control,ctrl-mod.com,https://logo.clearbit.com/ctrl-mod.com
Datanyze,datanyze.com,https://logo.clearbit.com/datanyze.com
Device Magic,devicemagic.com,https://logo.clearbit.com/devicemagic.com
Diggen,diggen.com,https://logo.clearbit.com/diggen.com
digg-entreprises,digg-entreprises.fr,https://logo.clearbit.com/digg-entreprises.fr
Columbus Dispatch,dispatch.com,https://logo.clearbit.com/dispatch.com
korea dispatch,dispatch.co.kr,https://logo.clearbit.com/dispatch.co.kr
Dispatch/Argus,qconline.com,https://logo.clearbit.com/qconline.com
Dispatch,dispatch.me,https://logo.clearbit.com/dispatch.me
Dispatch Tribunal,dispatchtribunal.com,https://logo.clearbit.com/dispatchtribunal.com
Dropbox,dropbox.com,https://logo.clearbit.com/dropbox.com
Dropbox Support,dropboxforum.com,https://logo.clearbit.com/dropboxforum.com
DropBox,dropbox.design,https://logo.clearbit.com/dropbox.design
Dropbox Wiki,dropboxwiki.com,https://logo.clearbit.com/dropboxwiki.com
Drop Box CrossFit,dropboxcrossfit.com,https://logo.clearbit.com/dropboxcrossfit.com
Duda,duda.co,https://logo.clearbit.com/duda.co
DudaDiesel,dudadiesel.com,https://logo.clearbit.com/dudadiesel.com
Dudas Becas Mec,dudasbecasmec.com,https://logo.clearbit.com/dudasbecasmec.com
Duda,duda.com.ua,https://logo.clearbit.com/duda.com.ua
Dudalina,dudalina.com.br,https://logo.clearbit.com/dudalina.com.br
Dynamic Catholic,dynamiccatholic.com,https://logo.clearbit.com/dynamiccatholic.com
Dynatrace,dynatrace.com,https://logo.clearbit.com/dynatrace.com
Dyn,dyn.com,https://logo.clearbit.com/dyn.com
Dynasty League Football,dynastyleaguefootball.com,https://logo.clearbit.com/dynastyleaguefootball.com
Dynadot,dynadot.com,https://logo.clearbit.com/dynadot.com
Ecwid,ecwid.com,https://logo.clearbit.com/ecwid.com
Ecwid,ecwid.ru,https://logo.clearbit.com/ecwid.ru
Ecwid,dcmerchant.com,https://logo.clearbit.com/dcmerchant.com
Ecwid,kakieshack.com,https://logo.clearbit.com/kakieshack.com
Ecwid,strygestof.dk,https://logo.clearbit.com/strygestof.dk
Email on Acid,emailonacid.com,https://logo.clearbit.com/emailonacid.com
Emma,myemma.com,https://logo.clearbit.com/myemma.com
Emmanuel College,emmanuel.edu,https://logo.clearbit.com/emmanuel.edu
Emma Wall,morningstar.co.uk,https://logo.clearbit.com/morningstar.co.uk
Emma Wall,morningstar.es,https://logo.clearbit.com/morningstar.es
Emmaline Bride,emmalinebride.com,https://logo.clearbit.com/emmalinebride.com
Endurance International Group,endurance.com,https://logo.clearbit.com/endurance.com
EZOfficeInventory,ezofficeinventory.com,https://logo.clearbit.com/ezofficeinventory.com
Formstack,formstack.com,https://logo.clearbit.com/formstack.com
FreshBooks,freshbooks.com,https://logo.clearbit.com/freshbooks.com
Matt Wagner,fresh-books.com,https://logo.clearbit.com/fresh-books.com
Freshdesk,freshdesk.com,https://logo.clearbit.com/freshdesk.com
Freshdesk,freshdesk.es,https://logo.clearbit.com/freshdesk.es
Freshdesk,freshdesk.nl,https://logo.clearbit.com/freshdesk.nl
Freshdesk,freshdesk.kr,https://logo.clearbit.com/freshdesk.kr
Fresh2DeskKC,fresh2deskkc.com,https://logo.clearbit.com/fresh2deskkc.com
GetFiveStars,getfivestars.com,https://logo.clearbit.com/getfivestars.com
GoDaddy,godaddy.com,https://logo.clearbit.com/godaddy.com
https://masterpeacekitchens.godaddysites.com/,godaddysites.com,https://logo.clearbit.com/godaddysites.com
GoDaddy Coupon,daddycoupon.com,https://logo.clearbit.com/daddycoupon.com
Google,google.com,https://logo.clearbit.com/google.com
Google Design,design.google,https://logo.clearbit.com/design.google
Google Local Guides,localguidesconnect.com,https://logo.clearbit.com/localguidesconnect.com
GoogleWatchBlog,googlewatchblog.de,https://logo.clearbit.com/googlewatchblog.de
Google Earth Blog,gearthblog.com,https://logo.clearbit.com/gearthblog.com
Grasshopper,grasshopper.com,https://logo.clearbit.com/grasshopper.com
Grasshopper,grasshopper3d.com,https://logo.clearbit.com/grasshopper3d.com
Grasshopper,grasshoppervape.com,https://logo.clearbit.com/grasshoppervape.com
grasshoppers,grasshoppers.com,https://logo.clearbit.com/grasshoppers.com
Grasshopper Film,grasshopperfilm.com,https://logo.clearbit.com/grasshopperfilm.com
GrOffr,groffr.com,https://logo.clearbit.com/groffr.com
Groff & Groff Lumber,groffslumber.com,https://logo.clearbit.com/groffslumber.com
Groff Dental Studio,groffdentalstudio.com,https://logo.clearbit.com/groffdentalstudio.com
GROFFILS ADVOCATEN,groffils-advocaten.be,https://logo.clearbit.com/groffils-advocaten.be
Groff Aluminum,groffaluminum.com,https://logo.clearbit.com/groffaluminum.com
Hired,hired.com,https://logo.clearbit.com/hired.com
HiredNurses.com,hirednurses.com,https://logo.clearbit.com/hirednurses.com
HiredToday,hiredtoday.com,https://logo.clearbit.com/hiredtoday.com
Hire Dynamics,hiredynamics.com,https://logo.clearbit.com/hiredynamics.com
Hired Direct,hireddirect.com,https://logo.clearbit.com/hireddirect.com
Hootsuite,hootsuite.com,https://logo.clearbit.com/hootsuite.com
Hootsuite,hootlet.com,https://logo.clearbit.com/hootlet.com
ClearSlide,hootsuitelive.com,https://logo.clearbit.com/hootsuitelive.com
HubSpot,hubspot.com,https://logo.clearbit.com/hubspot.com
HubSpot Japan,hubspot.jp,https://logo.clearbit.com/hubspot.jp
HubSpot,biglytics.net,https://logo.clearbit.com/biglytics.net
HUBspot Leiden,hubspotleiden.nl,https://logo.clearbit.com/hubspotleiden.nl
360Hubspot,360hubspot.com,https://logo.clearbit.com/360hubspot.com
inDinero,indinero.com,https://logo.clearbit.com/indinero.com
inDinero Inc. PH,indinero.ph,https://logo.clearbit.com/indinero.ph
InfoStreet,infostreet.com,https://logo.clearbit.com/infostreet.com
Infusionsoft,infusionsoft.com,https://logo.clearbit.com/infusionsoft.com
Infusionsoft,customerhub.com,https://logo.clearbit.com/customerhub.com
Infusionsoft,smallbusinesssuccess.com,https://logo.clearbit.com/smallbusinesssuccess.com
Infusionsoft,startgrowthplan.com,https://logo.clearbit.com/startgrowthplan.com
Infusionsoft,freegrowthplan.com,https://logo.clearbit.com/freegrowthplan.com
Ingram Micro,ingrammicro.com,https://logo.clearbit.com/ingrammicro.com
Ingram Micro Commerce & Fulfillment,ingrammicrocommerce.com,https://logo.clearbit.com/ingrammicrocommerce.com
Ingram Micro,ingrammicroadvisor.com,https://logo.clearbit.com/ingrammicroadvisor.com
Ingram Micro Cloud,ingrammicrocloud.com,https://logo.clearbit.com/ingrammicrocloud.com
Ingram Micro,ingrammicrocloud.de,https://logo.clearbit.com/ingrammicrocloud.de
Insightly,insightly.com,https://logo.clearbit.com/insightly.com
Intuit,intuit.com,https://logo.clearbit.com/intuit.com
Intuit Canada ULC,intuit.ca,https://logo.clearbit.com/intuit.ca
NOU INTUIT,intuit.ru,https://logo.clearbit.com/intuit.ru
Intuit,qbcommunity.com,https://logo.clearbit.com/qbcommunity.com
Intuitive Surgical,intuitivesurgical.com,https://logo.clearbit.com/intuitivesurgical.com
Jazztel,jazztel.com,https://logo.clearbit.com/jazztel.com
Jazz,jazz.com.pk,https://logo.clearbit.com/jazz.com.pk
JazzHR,jazzhr.com,https://logo.clearbit.com/jazzhr.com
Jazz at Lincoln Center,jazz.org,https://logo.clearbit.com/jazz.org
JazzFanz.com,jazzfanz.com,https://logo.clearbit.com/jazzfanz.com
Kabbage,kabbage.com,https://logo.clearbit.com/kabbage.com
Kabbage Platform,kabbageplatform.com,https://logo.clearbit.com/kabbageplatform.com
Kabbage,kabbage.co.uk,https://logo.clearbit.com/kabbage.co.uk
kabbage,kabbage.net,https://logo.clearbit.com/kabbage.net
Kashoo,kashoo.com,https://logo.clearbit.com/kashoo.com
Kashoo,kashoo.co.uk,https://logo.clearbit.com/kashoo.co.uk
Kickserv,kickserv.com,https://logo.clearbit.com/kickserv.com
LeadDyno,leaddyno.com,https://logo.clearbit.com/leaddyno.com
LeadGenius,leadgenius.com,https://logo.clearbit.com/leadgenius.com
LeadGenius,goleadgenius.com,https://logo.clearbit.com/goleadgenius.com
LeadGenius,leadgeni.us,https://logo.clearbit.com/leadgeni.us
Leadpages,leadpages.net,https://logo.clearbit.com/leadpages.net
Leadpages,leadpagestest.net,https://logo.clearbit.com/leadpagestest.net
Leadpages,digitalnomadshop.co,https://logo.clearbit.com/digitalnomadshop.co
Leadpages,aprildodd.com,https://logo.clearbit.com/aprildodd.com
Leadpages,balloondynamics.com,https://logo.clearbit.com/balloondynamics.com
LendingClub,lendingclub.com,https://logo.clearbit.com/lendingclub.com
Lending Club Auto,lendinggroupauto.com,https://logo.clearbit.com/lendinggroupauto.com
Lendio,lendio.com,https://logo.clearbit.com/lendio.com
Lighter Capital,lightercapital.com,https://logo.clearbit.com/lightercapital.com
LiveHive,livehive.com,https://logo.clearbit.com/livehive.com
Live Hive,livehivemedia.com,https://logo.clearbit.com/livehivemedia.com
LocalWork.com,localwork.com,https://logo.clearbit.com/localwork.com
Loggly,loggly.com,https://logo.clearbit.com/loggly.com
Lucidchart,lucidchart.com,https://logo.clearbit.com/lucidchart.com
Lucidchart,golucid.co,https://logo.clearbit.com/golucid.co
MadKudu,madkudu.com,https://logo.clearbit.com/madkudu.com
Magento,magento.com,https://logo.clearbit.com/magento.com
Magento native solution  for eBay and Amazon,m2epro.com,https://logo.clearbit.com/m2epro.com
مجنتو فارسی,magento-farsi.com,https://logo.clearbit.com/magento-farsi.com
peerforest,magentothemestudio.com,https://logo.clearbit.com/magentothemestudio.com
magentochina,magentochina.org,https://logo.clearbit.com/magentochina.org
Manalto,manalto.com,https://logo.clearbit.com/manalto.com
Mattermark,mattermark.com,https://logo.clearbit.com/mattermark.com
Mattermark Studios,mattermark.us,https://logo.clearbit.com/mattermark.us
Mattermark,mattermarkdaily.com,https://logo.clearbit.com/mattermarkdaily.com
MeetEdgar,meetedgar.com,https://logo.clearbit.com/meetedgar.com
Microsoft,microsoft.com,https://logo.clearbit.com/microsoft.com
Microsoft Visual Studio,visualstudio.com,https://logo.clearbit.com/visualstudio.com
Microsoft Press,microsoftpressstore.com,https://logo.clearbit.com/microsoftpressstore.com
Microsoft MakeCode,makecode.com,https://logo.clearbit.com/makecode.com
Microsoft Theater,microsofttheater.com,https://logo.clearbit.com/microsofttheater.com
Moogilu,moogilu.com,https://logo.clearbit.com/moogilu.com
Netkiller,netkiller.com,https://logo.clearbit.com/netkiller.com
Netskope,netskope.com,https://logo.clearbit.com/netskope.com
NewPath Consulting,newpathconsulting.com,https://logo.clearbit.com/newpathconsulting.com
NiftyImages,niftyimages.com,https://logo.clearbit.com/niftyimages.com
Nimble,nimble.com,https://logo.clearbit.com/nimble.com
NimbleMoneyCeo,nimble.com.au,https://logo.clearbit.com/nimble.com.au
NimbleCommerce,nimblecommerce.com,https://logo.clearbit.com/nimblecommerce.com
NimbleDroid,nimbledroid.com,https://logo.clearbit.com/nimbledroid.com
Nimble Sports,nimblesports.com,https://logo.clearbit.com/nimblesports.com
V-Day,onebillionrising.org,https://logo.clearbit.com/onebillionrising.org
One Billion Minds,onebillionminds.com,https://logo.clearbit.com/onebillionminds.com
One Billion Drops,1billiondrops.org,https://logo.clearbit.com/1billiondrops.org
ONE BILLION LIVE,onebillionlive.com,https://logo.clearbit.com/onebillionlive.com
One Billiards,tulsagamerooms.com,https://logo.clearbit.com/tulsagamerooms.com
OneSaas,onesaas.com,https://logo.clearbit.com/onesaas.com
Ordoro,ordoro.com,https://logo.clearbit.com/ordoro.com
Pamela Slim,pamelaslim.com,https://logo.clearbit.com/pamelaslim.com
PDS,pdsit.net,https://logo.clearbit.com/pdsit.net
PDS International,pdsinternational.com,https://logo.clearbit.com/pdsinternational.com
PD SICILIA,pdsicilia.it,https://logo.clearbit.com/pdsicilia.it
PDS Ile Maurice,pdsilemaurice.fr,https://logo.clearbit.com/pdsilemaurice.fr
PDS International,pdsinternational.in,https://logo.clearbit.com/pdsinternational.in
Pendo,pendo.io,https://logo.clearbit.com/pendo.io
Pendo,pen.do,https://logo.clearbit.com/pen.do
PENDONES.CL,pendones.cl,https://logo.clearbit.com/pendones.cl
Pendo,pendollc.com,https://logo.clearbit.com/pendollc.com
Pendo,pendo.cc,https://logo.clearbit.com/pendo.cc
Pipedrive,pipedrive.com,https://logo.clearbit.com/pipedrive.com
Pitney Bowes,pbconnect.com,https://logo.clearbit.com/pbconnect.com
Pitney Bowes Careers,pb-veterans.jobs,https://logo.clearbit.com/pb-veterans.jobs
Pitney Bowes Careers,pb.jobs,https://logo.clearbit.com/pb.jobs
Pitney Bowes News,pbnews.co.nz,https://logo.clearbit.com/pbnews.co.nz
Moneta Tech,pitneybowes.com.mx,https://logo.clearbit.com/pitneybowes.com.mx
Qrvey,qrvey.com,https://logo.clearbit.com/qrvey.com
ReachLocal,reachlocal.com,https://logo.clearbit.com/reachlocal.com
ReachLocal,dontleakleads.com,https://logo.clearbit.com/dontleakleads.com
Reach 2 Local,reach2local.com,https://logo.clearbit.com/reach2local.com
ReachLocal,reachcommerce.us,https://logo.clearbit.com/reachcommerce.us
ReachLocal,reachcommerce.info,https://logo.clearbit.com/reachcommerce.info
Redpoint Ventures,redpoint.com,https://logo.clearbit.com/redpoint.com
ReviewBuzz,reviewbuzz.com,https://logo.clearbit.com/reviewbuzz.com
ReviewTrackers,reviewtrackers.com,https://logo.clearbit.com/reviewtrackers.com
ClearSlide,reviewtrackersnow.com,https://logo.clearbit.com/reviewtrackersnow.com
RevLocal,revlocal.com,https://logo.clearbit.com/revlocal.com
RevLocal,revlocal.ca,https://logo.clearbit.com/revlocal.ca
rollApp,rollapp.com,https://logo.clearbit.com/rollapp.com
SaaSMAX,saasmax.com,https://logo.clearbit.com/saasmax.com
SaaSMAX,partneroptimizer.com,https://logo.clearbit.com/partneroptimizer.com
Salesforce,salesforce.com,https://logo.clearbit.com/salesforce.com
Salesforce.org,salesforce.org,https://logo.clearbit.com/salesforce.org
Salesforce,getsalesforcebenefits.com,https://logo.clearbit.com/getsalesforcebenefits.com
Ben McCarthy,salesforceben.com,https://logo.clearbit.com/salesforceben.com
Brisbane Salesforce Community Groups,salesforceusergroups.com,https://logo.clearbit.com/salesforceusergroups.com
SaneBox,sanebox.com,https://logo.clearbit.com/sanebox.com
SaneBox,saneconnect.com,https://logo.clearbit.com/saneconnect.com
SAP SuccessFactors,successfactors.com,https://logo.clearbit.com/successfactors.com
Sapling Learning,saplinglearning.com,https://logo.clearbit.com/saplinglearning.com
SAP Ariba,ariba.com,https://logo.clearbit.com/ariba.com
Sapling,sapling.com,https://logo.clearbit.com/sapling.com
SAPO,sapo.pt,https://logo.clearbit.com/sapo.pt
Seqnc,seqncapp.com,https://logo.clearbit.com/seqncapp.com
Seqnc,seqnc.com,https://logo.clearbit.com/seqnc.com
Strategic Funding Source,sfscapital.com,https://logo.clearbit.com/sfscapital.com
ShipperHQ,shipperhq.com,https://logo.clearbit.com/shipperhq.com
Shoeboxed,shoeboxed.com,https://logo.clearbit.com/shoeboxed.com
SignEasy,getsigneasy.com,https://logo.clearbit.com/getsigneasy.com
Signpost,signpost.com,https://logo.clearbit.com/signpost.com
Sign & Poster,signandposter.co.uk,https://logo.clearbit.com/signandposter.co.uk
Sign PostMan,signpostman.com,https://logo.clearbit.com/signpostman.com
24/7 Sign Post,247signpost.com,https://logo.clearbit.com/247signpost.com
SIGNPOST 360,signpost360.com,https://logo.clearbit.com/signpost360.com
Smartsheet,smartsheet.com,https://logo.clearbit.com/smartsheet.com
SmartSheet10,smartsheet10.com,https://logo.clearbit.com/smartsheet10.com
Smartsheets,smartsheets.in,https://logo.clearbit.com/smartsheets.in
Social Security Administration,ssa.gov,https://logo.clearbit.com/ssa.gov
Social Science Statistics,socscistatistics.com,https://logo.clearbit.com/socscistatistics.com
Social Solutions,socialsolutions.com,https://logo.clearbit.com/socialsolutions.com
Socialserve.com,socialserve.com,https://logo.clearbit.com/socialserve.com
NCSS,socialstudies.org,https://logo.clearbit.com/socialstudies.org
Surepath Capital,surepathcapital.com,https://logo.clearbit.com/surepathcapital.com
Sushi of Gari 46,sushiofgari.com,https://logo.clearbit.com/sushiofgari.com
Sush.io,sush.io,https://logo.clearbit.com/sush.io
Sushi Odawara,sushiodawara.com,https://logo.clearbit.com/sushiodawara.com
Sushi O,sushio.mx,https://logo.clearbit.com/sushio.mx
Sushi Ocean View,sushi-oceanview.com,https://logo.clearbit.com/sushi-oceanview.com
Talkdesk,talkdesk.com,https://logo.clearbit.com/talkdesk.com
Tech Data,techdata.com,https://logo.clearbit.com/techdata.com
Tech Data Italia,techdata.it,https://logo.clearbit.com/techdata.it
Tech Data France,techdata.fr,https://logo.clearbit.com/techdata.fr
Tech Data España,techdata.es,https://logo.clearbit.com/techdata.es
Tech Data Nederland,techdata.nl,https://logo.clearbit.com/techdata.nl
TerrAvion,terravion.com,https://logo.clearbit.com/terravion.com
TerrAvion,terravion.cl,https://logo.clearbit.com/terravion.cl
Tesorio,tesorio.com,https://logo.clearbit.com/tesorio.com
Tiger Pistol,tigerpistol.com,https://logo.clearbit.com/tigerpistol.com
Marketing Partners,tigerpistolent.com,https://logo.clearbit.com/tigerpistolent.com
Crazy Domains,tigerpistollabs.com.au,https://logo.clearbit.com/tigerpistollabs.com.au
Timesheets.com,timesheets.com,https://logo.clearbit.com/timesheets.com
Timesheets MTS Software,timeclockmts.com,https://logo.clearbit.com/timeclockmts.com
Timesheet Software,stdtime.com,https://logo.clearbit.com/stdtime.com
Time Sheets Plus,timesheetpanda.com,https://logo.clearbit.com/timesheetpanda.com
Crazy Domains,timesheets365.com.au,https://logo.clearbit.com/timesheets365.com.au
Totango,totango.com,https://logo.clearbit.com/totango.com
TSheets,tsheets.com,https://logo.clearbit.com/tsheets.com
TSheets Australia,tsheets.com.au,https://logo.clearbit.com/tsheets.com.au
TSheets by QuickBooks,tsheets-dev.com,https://logo.clearbit.com/tsheets-dev.com
Upwork,upwork.com,https://logo.clearbit.com/upwork.com
Upworks,upworks.cc,https://logo.clearbit.com/upworks.cc
Upworkshare,upworkshare.com,https://logo.clearbit.com/upworkshare.com
Webgility,webgility.com,https://logo.clearbit.com/webgility.com
Webgility,ecommerceconnector.com,https://logo.clearbit.com/ecommerceconnector.com
Webgility,qbintegrate.com,https://logo.clearbit.com/qbintegrate.com
WePay,wepay.com,https://logo.clearbit.com/wepay.com
wePAY,wepay.in.th,https://logo.clearbit.com/wepay.in.th
WePayBTC,wepaybtc.com,https://logo.clearbit.com/wepaybtc.com
We Pay More Auto,wepaymoreauto.com,https://logo.clearbit.com/wepaymoreauto.com
We Pay Fast,wepayfast.com,https://logo.clearbit.com/wepayfast.com
WeWork,wework.com,https://logo.clearbit.com/wework.com
We Work Remotely,weworkremotely.com,https://logo.clearbit.com/weworkremotely.com
WeWorked,weworked.com,https://logo.clearbit.com/weworked.com
WE Workout Experts,weworkout.gr,https://logo.clearbit.com/weworkout.gr
#WeWorkingWomen,weworkingwomen.com,https://logo.clearbit.com/weworkingwomen.com
Workato,workato.com,https://logo.clearbit.com/workato.com
Work at Over Darwen House,overdarwenhouse.co.uk,https://logo.clearbit.com/overdarwenhouse.co.uk
One : One,workatoneone.com,https://logo.clearbit.com/workatoneone.com
Wrike,wrike.com,https://logo.clearbit.com/wrike.com
WRIK Entertainment,wrikdj.com,https://logo.clearbit.com/wrikdj.com
wrkbench.io,wrkbench.io,https://logo.clearbit.com/wrkbench.io
Xerox,xerox.com,https://logo.clearbit.com/xerox.com
Xero,xero.com,https://logo.clearbit.com/xero.com
Xero Shoes,xeroshoes.com,https://logo.clearbit.com/xeroshoes.com
Xerox,xerox.ru,https://logo.clearbit.com/xerox.ru
Xerox,setthepagefree.com,https://logo.clearbit.com/setthepagefree.com
Zapier,zapier.com,https://logo.clearbit.com/zapier.com
Za pierwszym razem,zapierwszymrazem.pl,https://logo.clearbit.com/zapierwszymrazem.pl
Zendesk,zendesk.com,https://logo.clearbit.com/zendesk.com
Zendesk,zendesk.com.mx,https://logo.clearbit.com/zendesk.com.mx
Zendesk,zendesk.nl,https://logo.clearbit.com/zendesk.nl
Zendesk,zendesk.fr,https://logo.clearbit.com/zendesk.fr
Zendesk,zendesk.co.jp,https://logo.clearbit.com/zendesk.co.jp
Company Check,companycheck.co.uk,https://logo.clearbit.com/companycheck.co.uk
Company Folders,companyfolders.com,https://logo.clearbit.com/companyfolders.com
Company FBS,fbs.forex,https://logo.clearbit.com/fbs.forex
CompanyMileage,companymileage.com,https://logo.clearbit.com/companymileage.com
CompanyCam,companycam.com,https://logo.clearbit.com/companycam.com
Javier Lopez-Fombona,company-controller.com,https://logo.clearbit.com/company-controller.com
Company Dynamics,flexiblestockcontrol.com,https://logo.clearbit.com/flexiblestockcontrol.com
Company Dynamics,companydynamics.co.uk,https://logo.clearbit.com/companydynamics.co.uk
COMPANY DYNAMICS SOFTWARE,companydynamics.co,https://logo.clearbit.com/companydynamics.co
